﻿Course Names,Course Descriptions
APS 1070H Foundations of Data Analytics and Machine Learning,"The learning activities in APS1070 Foundations of Data Analytics and Machine Learning will rely heavily on graduate-level programming projects relevant to practical engineering applications, therefore, undergraduate-level courses cannot be substituted and this pre-requisite must be completed before taking any of the two core courses for the Emphasis in Analytics. "
MIE 1624H Introduction to Data Science and Analytics,"The objective of the course is to learn analytical models and overview quantitative algorithms for solving engineering and business problems. Data science or analytics is the process of deriving insights from data in order to make optimal decisions. It allows hundreds of companies and governments to save lives, increase profits and minimize resource usage. Considerable attention in the course is devoted to applications of computational and modeling algorithms to finance, risk management, marketing, health care, smart city projects, crime prevention, predictive maintenance, web and social media analytics, personal analytics, etc. We will show how various data science and analytics techniques such as basic statistics, regressions, uncertainty modeling, simulation and optimization modeling, data mining and machine learning, text analytics, artificial intelligence and visualizations can be implemented and applied using Python. Python and IBM Watson Analytics are modeling and visualization software used in this course. Practical aspects of computational models and case studies in Interactive Python are emphasized. "
ECE 1513H Introduction to Machine Learning (exclusion for ECE 1504H),"An Introduction to the basic theory, the fundamental algorithms, and the computational toolboxes of machine learning. The focus is on a balanced treatment of the practical and theoretical approaches, along with hands on experience with relevant software packages. Supervised learning methods covered in the course will include: the study of linear models for classification and regression and  neural networks. Unsupervised learning methods covered in the course will include: principal component analysis, k-means clustering, and Gaussian mixture models. Techniques to control overfitting, including regularization and validation, will be covered."
APS 502H: Financial Engineering,"This course will focus on capital budgeting, financial optimization, and project evaluation models and their solution techniques. In particular, linear, non-linear, and integer programming models and their solutions techniques will be studied. The course will give engineering students a background in modern capital budgeting and financial techniques that are relevant in practical engineering and commercial settings."
APS 1005H: Operations Research for Engineering Management,"This course introduces optimization techniques applicable in solving various engineering programs. These techniques are widely used in engineering design, optimal control, production planning, reliability engineering, and operations management. The contents of this course can be classified into two major categories: modeling techniques and optimization algorithms. Topics include linear programming, sensitivity analysis, nonlinear programming, dynamic programming, decision making under uncertainty, new developments in optimization techniques. The course will also examine several case studies to gain understanding of real applications of optimization techniques."
APS 1017H: Supply Chain Management and Logistics,"This course is to provide students with a framework to design and control supply chain systems. To achieve the goal, the course will cover key modules in supply chain. The students will be exposed to topics such as: inventory theories, transportation, postponement strategies, supply chain dynamics, value of information, supply chain flexibility, and environmental issues. We will focus on the analytical decision support tools (both models and applications), as well as on the organizational models that successfully allow companies to develop, implement and sustain supplier management and collaborative strategies."
APS 1022H: Financial Engineering II,"The course presents two important topics in financial engineering: portfolio optimization and derivative pricing. These two topics are explored by the application of a number of mathematical tools, including linear programming, nonlinear programming, statistical analysis, and the theory of stochastic calculus."
APS 1040H: Quality Control for Engineering Management,"This course introduces quality control techniques applicable in various engineering settings. These techniques are widely used in monitoring and improving the quality of both products and services. Topics include process quality inferences, statistical process control, various control charts, system capability analysis, design of experiments, and acceptance sampling. Various simulation models will be used to represent and generate data sets in various settings, for analysis and charting with widely available software."
APS 1050H: Blockchain Technologies,"Bitcoin is a particular implementation of Blockchain technology that has led to a disruptive “product”: a set of digital cryptocurrencies with the potential to compete with fiat currencies. This course will provide students with the concepts and mechanics of the Blockchain technologies starting from Bitcoin. Unlike ECE1770, this course is not focused on middleware software design per se, but on how the Blockchain middleware can serve as a platform that supports products (cryptocurrencies) and applications that are relevant for businesses and other users. The course will focus on identifying business relevant benchmarking criteria for Blockchain technologies in accordance with their current and future impact on business processes. On a practical level, the course will enable students to set up a Bitcoin account that follows rigorous safety protocols, so as to enable students to become familiar with this revolutionary technology. In summary, this course will enable the participant to acquire a concrete understanding of Blockchain technologies through the installation, operation and modification (by coding changes or the addition of pseudocode) of a simplified Bitcoin program in each student’s computer; become acquainted with the history and typology of Blockchain technologies; develop and apply a set of selection criteria for the evaluation of Blockchain strengths, weaknesses and risks; trace a likely path for the adoption of Blockchain technologies– beginning with the identification of processes where Blockchain ledgers lead to efficiencies, to the emergence of new business models and ending with the need for constraints/regulation, and learn how to setup, operate and trade a Bitcoin account."
APS 1051H: Portfolio Management Praxis Under Real Market Constraint,"After an introductory review of the techniques most commonly used to evaluate investment portfolios and investment managers, this course will, through a combination of lectures, readings, short case studies and exercises, try to enable students: to understand the trading techniques of few important portfolio managers; to test, when applicable, simplified versions of these techniques on basic portfolios under real market constraints; to manage basic portfolios of Stocks & ETFs as well as basic derivatives portfolios of Credit & Debit Spreads using time-tested value, momentum and covered options algorithms; to manage the risk of an investment portfolio using market breadth- based algorithms; to learn the main techniques used to evaluate the historical performance of trading systems, and to create a general portfolio management strategy adapted to the risk and return requirements of the user by incorporating the principles learned in the course, which will be back- tested against historical data to objectively evaluate its performance. Ideally the participant will have some exposure to basic equity valuation methods, basic portfolio optimization methods and basic bond and derivative pricing methods (like the ones discussed in “Financial Engineering I & II”), even though we’ll cover these topics if required by the participants in order to make our course as self- contained as possible."
APS 1052H: A.I. in Finance,"In this course we’ll give an overview of several applications of machine learning to stock market forecasting (including high frequency trading), beginning with regressions, two “shallow” machine learning models (Support Vector Machines and basic Neural Networks) and ending with a deep learning model (Long Short Term Memory Networks). Each model is discussed in detail as to what input variables and what architecture is used (rationale), how the model’s learning progress is evaluated and how machine learning scientists and stock market traders evaluate the model’s final performance, so that by the end of the course, the students should be able to identify the main features of a machine learning model for stock market forecasting and to evaluate if it is likely to be useful and if it is structured efficiently in terms of inputs and outputs. The participant should be familiar with the foundations of statistics, the basics of logistic regressions (desirable) and basic linear algebra (desirable); however, since our course intends to be self-contained, we will provide a review of these concepts as needed. As all the examples of our course come from finance, some familiarity with the Capital Markets and the basic financial concepts is required. A basic knowledge of Python or some other programming language (MatLab, R) is needed, even though the objective of the course is not to learn how to program (shallow & deep) machine learning models from scratch, but rather, to understand how they work and to learn how to adapt them to the particular needs of the user and to optimize their application to stock market forecasting. The math. foundations of the basic machine learning models (regressions, neural networks & support vector machines) will be discussed and followed by a panoramic view of the inputs that are most likely to provide valuable information for stock market forecasting. Standard benchmarking methods used in the industry will be also covered. Subsequently, a number of basic –already programmed– models will be discussed in detail and their performance evaluated."
CHE 507H: Data-based Modelling for Prediction and Control,
CHE1147H: Data Mining in Engineering,"An exceptional ability to deal with data is the defining characteristic of an engineer. Data Mining is the branch of Informatics that refers to a wide variety of methods used to obtain information from data. It employs statistics where possible but dares to tackle problems beyond the capabilities of statistics. Data containing experimental error, qualitative as well as quantitative data and large quantities of data are all subjects suited to Data Mining methods. These methods have traditionally been used in non-engineering fields. However, there is now an acute need to apply them in engineering. Students will use commercially available software applied to engineering data of interest to them. Data can originate from research projects, from the Internet or even from computer simulations. 70% of the course mark is assignments and presentations. 30% is the final exam. An undergraduate course in statistics is a prerequisite."
CHE 1148H: Process Data Analytics,
CHE 1434H: Six Sigma for Chemical Processes,"Six Sigma is a proven project execution methodology being employed across nearly every type of business and industry including numerous Chemical Process Industry companies.
This course will provide a working know-how of the Six Sigma (DMAIC) problem solving and process improvement protocol for existing processes/products and of Design for Six Sigma methodology for development of new processes/products, tailored for chemical products/ processes and chemical engineers. It focuses on project execution based on Six Sigma roadmaps, and selective use of work process and statistical tools from the Six Sigma “tool box”. The course will include workshops, part of each class, in order best familiarize the students with the practical value of Six Sigma in manufacturing processes and R&D."
CIV 1504H: Applied Probability and Statistics for Civil Engineering,A lecture and tutorial course designed to build on the prerequisite introduction to probability in the form of applied probability and statistics with emphasis on techniques appropriate for investigating the random behavior of complex civil engineering systems. Topics include: a review of probability theory; extreme value distributions; engineering reliability; conditional distributions; applications of common probability models; parameter estimation and confidence intervals; significance testing; elementary Bayesian analysis; simple stochastic processes 
CIV 1506H: Freight Transportation and ITS Applications,"Efficient movement of freight is crucial for national economic viability. This course introduces the structure of the freight industry and relates it to business logistics and planning of supply chains. Planning of freight services at the strategic, tactical, and operational levels is presented and models of international, inter-city, and urban freight movements are introduced. Shipper behavior related to mode choice, carrier selection, adoption of 3-PL and information technology options is considered. The course also introduces the role of advanced technologies (ITS) in improving freight operations, and the implications of e-commerce on planning of freight services. The course concludes by providing an overview of policy issues, data sources and needs, and the particularities of the Canadian freight transportation context."
CIV 1507H: Public Transport,
CIV 1532H: Fundamentals of ITS and Traffic Management,"This course focuses on Intelligent Transportation Systems (ITS) with emphasis on Advanced Traffic Control and Management Systems (ATMS) and applications of Artificial Intelligence (AI) in ATMS. Topics include: Overview and Introduction to ITS, Traffic Flow Modeling for ITS: Macroscopic, Microscopic and Mesoscopic, Transportation Networks Modeling and Traffic Assignment, Genetic Algorithms (GA) for Optimization (Artificial Intelligence Part I), Applications of GA: Emergency Evacuation Optimization, Origin-Destination Estimation, Dynamic Congestion Pricing, Artificial Neural Networks (Artificial Intelligence Part II), Applications of NN: Automated Incident Detection (AID), Short-Term Traffic Flow Forecasting, Traffic Control and Optimization Theoretical Primer, Reinforcement Learning (Artificial Intelligence Part III), Introduction to Deep Learning (Deep NN + RL), Freeway Traffic Control and Optimization, Street Traffic Control and Optimization, Other Research Topics (time permitting), e.g. Modelling and Exploiting Vehicle Automation and Connectivity for 21s Century Traffic Control."
CIV 1538H: Transportation Demand Analysis,"This course deals with the quantitative analysis and modeling of transportation demand for planning purposes. The course principally deals with urban passenger demand, but an introduction to freight and intercity travel demand is also provided. A theoretical framework for the study of transportation demand is developed from basic micro-economic principles of consumer behaviour. The primary modeling approaches considered are: disaggregate choice models; entropy-based models, and an introduction to the activity-based approach to travel demand modeling. An understanding of the theory of the demand for transportation is coupled with practical experience in the specification, estimation, and use of transportation demand models."
CEM 1002H: Empirical Study of Cities,"This course explores how cities are measured. The strengths and limitations of various measures are examined including issues related the cost of collecting data and the challenges in ensuring its integrity. Metrics of interest include those related to city services, public health and well-being, environmental sustainability, and economic vitality."
ECE 537H: Random Processes,"Introduction to the principles and properties of random processes, with applications to communications, control systems, and computer science. Topics include random vectors, random convergence, random processes, specifying random processes, Poisson and Gaussian processes, stationarity, mean square derivatives and integrals, ergodicity, power spectrum, linear systems with stochastic input, mean square estimation, Markov chains, recurrence, absorption, limiting and steady-state distributions, time reversibility, and balance equations."
ECE1504H: Statistical Learning (new course offered in the 2018-2019 academic year; exclusion: ECE1513),"This course will provide a mathematical introduction to the principles of statistical learning. We will cover the theory of generalization including PAC learning, VC dimension  and the Bias/Variance decomposition. A number of learning algorithms/techniques for regression, classification and unsupervised learning will be studied from a  mathematical point of view. The course is intended for students doing research in mathematically rigorous disciplines and having a certain level of mathematical maturity. Students primarily interested in learning about machine learning will find ECE1513 more suitable."
ECE 1505H: Convex Optimization,"This course provides a comprehensive coverage of the theoretical foundation and numerical algorithms for convex optimization with engineering applications. Topics include: convex sets and convex functions; convex optimization problems; least-square problems; optimal control problems; Lagrangian duality theory. Karush-Kuhn-Tucker (KKT) theorem; Slater’s condition; generalized inequalities; minimiax optimization and saddle point; introduction to linear programming, quadratic programming, semidefinite programming and geometric programming; numerical algorithms: descent methods, Newton’s method, interior-point method; convex relaxation; applications to communications and signal processing."
ECE 1510H: Advanced Inference Algorithms,"Advanced concepts in machine learning and probabilistic inference. An introductory course on inference algorithms or machine learning should be taken prior to this course. Topics covered: Probability models, neural networks, graphical models, Bayesian networks, factor graphs, Markov random fields (MRFs). Structured models, convolutional networks, transformations as hidden variables, bivariate and trivariate potentials, high-order potentials. Exact probabilistic inference, variable elimination, sum-product and max-product algorithms, factorizing high-order potentials. Approximate probabilistic inference, iterated conditional modes, gradient-based inference, loopy belief propagation, variational techniques, expectation propagation, sampling methods (MCMC). Learning in directed and undirected models, EM, sampling, contrastive divergence. Deep belief networks. Applications to image processing, scene analysis, pattern recognition, speech recognition, computational biology."
ECE 1657H: Game Theory and Evolutionary Games,"This course presents a mathematical treatment of classical and evolutionary game theory. Topics covered in classical game theory: matrix games, continuous games, Nash equilibrium (NE) solution, existence and uniqueness, best-response correspondence. Topics covered in evolutionary games:  evolutionary stable strategy concept, population games, replicator dynamics, relation to dynamic asymptotic stability. Learning in games: imitation dynamics, fictitious play and their relation to replicator dynamics. Applications to engineering: communication networks, multi-agent learning. There is no required textbook.  PDF course notes are available; the notes are self-contained and serve as a textbook. Weekly formal lectures based on the course notes."
ECE 1778H: Creative Applications for Mobile Devices,"The purpose of this course is to create new inter-disciplinary applications of mobile devices and software in general.  Graduate students from all disciplines at the University of Toronto are invited to take the course for credit.   This website describes the edition of the course that will be from January to April, 2020. This is primarily a project-based course in which the goal is to produce a working software application prototype by the end of course.    Projects will typically be done in groups of three.  Students with computer programming skills will be matched with those who bring expertise from other backgrounds to do projects in the latter students’ disciplines. The course will support the use of Google Android-based and Apple iOS-based platforms, and teams will have to come to agreement on which of these platforms to use. "
ECE 1779H: Introduction to Cloud Computing,"This course provides an introduction into the technologies behind cloud computing. A combination of lectures and hands-on programming assignments expose the student to the leading cloud computing paradigms and programming interfaces (e.g., EC2, Lambda). In addition, lectures provide an overview of the underlying technological concepts that make cloud computing possible (e.g., virtualization, scalability, fault tolerance, security)."
MIE 562H: Scheduling,"This course takes a practical approach to scheduling problems and solution techniques, motivating the different mathematical definitions of scheduling with real world scheduling systems and problems. Topics covered include: job shop scheduling, timetabling, project scheduling, and the variety of solution approaches including constraint programming, local search, heuristics, and dispatch rules. Also covered will be information engineering aspects of building scheduling systems for real world problems."
MIE 1413H: Statistical Models in Empirical Research,"This course covers various statistical models used in empirical research, in particular human factors research, including linear regression, mixed linear models, non-parametric models, generalized linear models, time series modeling, and cluster analysis. For various observational and experimental data, students will be proficient in generating relevant hypotheses to answer research questions, selecting and building appropriate statistical models, and effectively communicating these results through interpretation and presentation of results. Basic knowledge in probability, statistics, and experimental design is required. The course will not focus on the design of experiments. In addition to homework assignments and exams, the students will review and critique journal articles and conference papers for the validity of the use of various statistical models. The students will work on a term long project of their choice and will be encouraged to relate this assignment to their current research projects. The examples used in class and the assignments will be drawn from human factors research. However, the students will not be required to use human factors data for their project."
MIE 1501H: Knowledge Modelling and Management,
MIE 1512H: Data Analytics,
MIE 1513H: Decision Support Systems,"This course provides students with an understanding of the role of a decision support system in an organization, its components, and the theories and techniques used to construct them. The course will cover basic technologies for information analysis, knowledge-based problem solving methods such as heuristic search, automated deduction, constraint satisfaction, and natural language understanding. "
MIE 1620H: Linear Programming and Network Flows,
MIE 1621H: Non­Linear Optimization,"Theory and computational methods of non-linear optimization. Convex sets, convex and concave functions. Unconstrained and Constrained Optimization. Quadratic Programming. Optimality conditions and convergence results. Karush-Kuhn-Tucker conditions. Introduction to penalty and barrier methods. Duality in nonlinear programming. "
MIE 1622H: Computational Finance and Risk Management,"The objective of the course is to examine the construction of computational algorithms in solving financial problems, such as risk-aware decision-making, asset pricing, portfolio optimization and hedging. Considerable attention is devoted to the application of computational and programming techniques to financial, investment and risk management problems. Materials in this course are quantitative and computational in nature as well as analytical. Topics include mean-variance portfolio optimization, simulation (Monte Carlo) methods, scenario-based risk optimization, hedging, uncertainty modeling, asset pricing, simulating stochastic processes, and numerical solutions of differential equations. Matlab is the primary computational and modeling software used in this course, we also briefly describe other programming environments such as R, Python and C/C++ used in financial engineering. Practical aspects of financial and risk modeling, which are used by industry practitioners, are emphasized. "
MIE 1623H: Introduction to Healthcare Engineering,"This course illustrates the use of industrial engineering techniques in the eld of healthcare. Common strategic, tactical, and operational decision-making problems arising in healthcare will be approached from an operations research perspective. Unique aspects of healthcare compared to other industries will be discussed. Real-world datasets will be provided to illustrate the complexity of applying standard operations research methods to healthcare."
MIE1628H: Big Data Science,"This course is designed to provide students with fundamental understanding of Big Data and help develop skills necessary to handle and implement various aspects of big data projects. The course has an additional focus on Machine Leaning & Data Science developed to advance data science skills that are often required to implement big data projects. Students, while taking the course, will have a unique exposure to both data science and big data technologies that will provide them with skills necessary to implement data science projects in Hadoop as well as support teams executing big data projects. Three areas of focus for the proposed course:
 Hadoop Architecture
 Big data programming
 Machine Learning in Big Data environment:
o SQL to manipulate data
o Feature preparation & Feature engineering
o Machine Learning methods
"
MIE 1653H: Integer Programming Applications,"Formulation of integer programming problems and the characterization of optimization problems representable as integer and mixed-integer programs. The degree of difficulty of classes of integer programs and its relation to the structure of their feasible sets. Optimality conditions. Branch- and-bound, cutting plane, and decomposition methods for obtaining solutions or approximating solutions. "
MIE 1721H: Reliability,
MIE 1723H: Engineering Asset Management,"This course is concerned with the determination of optimal  maintenance and replacement practices for components and capital equipment; resources of manpower and machinery required for implimentation of maintenance practices; and the use of mathematical models in the developments of a maintenance information system. The lectures will be supplemented by case study assignments including short-term deterministic replacement; use of OREST, PERDEC, AGE/CON, EXAKT and SMS software for the optimization of physical asset management decisions. "
MIE 1727H: Statistical Methods of Quality Assurance,