﻿Course Names,Course Descriptions
Introduction to Data Science,"This course will help students not only review the knowledge in linear algebra and statistics but also gain a basic knowledge of concepts in data science area. The first half of the semester will cover the basic topics covered in linear algebra and statistics such as determinant, inverse matrix, matrix calculus, expectation, random variable, sampling, inferance and distributions. The second half of the semester students will learn the most popular programming language in data science area - Python, they will implement codes into Jupyter Notebook and get hands on some important libraries such as pandas, numpy and matplotlib in the weekly labs. After this course, students are expected to do some basic data pre-processing on a dataset such as cleaning, joining and merging."
Relational Databases,"The purpose of this course is to introduce the concepts of both relational and unrelational databases and introduce tools that can extract data from them. The main focus will be on the RDBMS and let students gain knowledge of the SQL language. The emphasis in this course is on hands-on and practical learning, students will work with real databases, real data science tools, and real-world datasets bu using clusters or cloud technology. After this course, students are expected to have skills to write SQL language such as 'select', 'join', 'group' and other sub-query commands."
Introduction to Natrual Language Processing,"This course will cover most of the important topics in natural language processing area. Students are starting with learning how to use regular expressions in python to search for custom patterns inside of text files, and using certain libraries like NLTK to understand fundamental NLP concepts such as stemming, lemmatization, stop words, phrase matching, tokenizations...etc. Then students are expected to retrive data by queries in a corpus and use machine learning with Scikit-Learn to conduct text classification such as spam-detection. At the end of this course, students are required to do a project related to sentiment analysis of text with the NLTK library, and creating semantic word vectors with the Word2Vec algorithm."
Big Data Science,"You will gain an understanding of what insights big data and will be guided through some basic tools used in the big data environemnt such as extracting data from database by SQL, using Hadoop with MapReduce, Spark, Pig and Hive. Students will perform predictive modeling by machine learning and visual graph analytics to model problems in a final project, developed in partnership with data company such as TD and IBM, students are expected to apply the skills they learned to do basic analyses of big data and give presentation to partners. In this course, there is no requirements for Python programming language and students are going to use clusters and Cloud platform to analyse data using new programming languages PySpark and Scala."
R Programming in Data Science,"This course introduces how to program in R and how to use R programming for data analysis. In the half of the semester, this course will cover basic programming skills in which includes reading data into R, importing R packages, writing R functions and debugging. In the second half of the semester, students will be introduced to statistical data analysis which includes cleaning data and doing exploraroty data analysis and reproducible research, and in the final project, students are required to implement regression models from machine learning to predict the results from a real dataset. Pre-knowledge in machine learning is recommended but not necessarily required."
Excel for Business,"This course is desgined to wo kinds of learners - those who have very little functional knowledge of Excel and those who use Excel regularly and wish to enhance their skills. Some basic operations such as reading data into excel using various data formats, organizing and manipulating data, using advanced functions of Excel such as VLOOKUP and Pivot Table and all concepts are taught with easy to understand examples which will help students to learn comfortably. In the final project, students need to use what they have learned into extracting meaningful information from large datasets, presenting data and finally applying advanced formulas and conditional logic to forecast and model data and help make business decisions"
Introduction to Web Development,"This course covers the basics os structure of websites and how to write correct HTML5 and CSS3 and create interactive web experiences with JavaScript. Students are expected to develop high quality wesites and publish their webpages for the world to see. Finally, students need to finish a proejct on web applications to let them get the basics of designing web applications - programming useful and dynamic webpages that allow our users to interact with them and develop a working model for creating their own personal websites. Students are recommended to have some pre-knowledge on JavaScript before taking this course."
Applied Machine Learning,"Machine learning brings together computer science and statistics to harness that predictive power. It’s a must-have skill for all aspiring data analysts and data scientists, or anyone else who wants to wrestle all that raw data into refined trends and predictions. This course will combine both the knowledge of computer science and statistics to provide you a foundamental understanding of machine learning algorithms and the mathematical proof of them(K Nearest Neighbors, linear regression, logistic regression, decision tree, ensembles, support vactor machine, multilayer perceptrons, convolutional neural networks) as well as demonstrate how these algorithms can help people analyze data in real life. In addition, optimization methods such as gradient descent, back-propagation in neural networks are also included in this course. Tool used in this course include python, tensorflow and pytorch."
Introduction to Data Mining,"This course will introduce the concepts of information retrieval and pattern discovery which are included in text mining areas. Students will learn the basic principles, and the major techniques in information retrieval from search engines by quickly discovering a small part of relevant text data in a large collection. Then students are introduced the methods to discover patterns in the text retrieved by clustering which includes all kinds of unsupervised machine learning method such as K-means, DBSCAN and OPTICS. In the final project, students are expected to do a text mining and pattern discovery on any topic they are interested in to help them improve their knowledge and skills."
Introduction to Cloud Computing in Big Data,"This course covers the basic ideas in cloud computing which include the concepts related to clouds, NoSQL databases, distributed file systems by firstly introduces the difficulties in storing and processing large scale of data in a industry level and then, the infrastructure of cloud system are covered by looking at the cloud systems in the big three companies: Amazon, google and Microsoft and comparing them. Finally, students will be introduced to a higher level cloud services with special focus on cloud storage services which includes topics in big data such as MapReduce, Spark, Cloudera and HDFS. The final project in this course will provide students the cloud and big data platform to implement machine learning algorithms on a large scale datasets."
Computer Vision,"This course provides an introduction to computer vision including fundamentals of image formation, camera imaging geometry, feature detection and matching, multiview geometry including stereo, motion estimation and tracking, and classification. We focus on the machine learning aspect of computer vision, for example: using deep learning algoritms such as convolutional neural network on image data to extract features, detect and recognize objects."
Decision Theory and Game Theory,"This course provides a brief introduction to both decision theory and game theory and the different between them. Main focus in this course will be on the game theory which includes game trees, Bayesian models and repeated and stochastic games. Our main goal is to understand the basic ideas behind the key concepts in game theory and use mathematics to solve these problems. We will also see some classic games and applications related to the normal form, payoffs, strategies, pure strategy Nash equilibrium, dominant strategies."
Reinforcement Learning,"This course will introduce basic concepts of reinforcement learning anf its relationship with decision-making and AI. Students will learn how an agent works, Markov Decision Process, value functions, exploration and exploitation tradeoff and other basic topics in reinforcement learning. For the rest of this course, students get a basic knowledge on how an agent is learning from its own experience by using methods like Monte Carlo simulation, temporal difference in Q-learnin and also a function approxiamtion method. In the final project, students are expected to complete a reinforcement learning problem in real life which includes  problem formulation, algorithm selection, parameter selection and other components."
Fundamentals of Project Management,"This course helps students identify factors that lead to project success, and learn how to plan, analyze, and manage project in practice. Students will gain a strong working knowledge of the basics of project management and be able to immediately use that knowledge to effectively manage projects in their future career. After this course, students will know how to plan a project, save budget on it and how to allocate resources properly. A real project in this course will give students the skills to ensure projects are completed on time and on budget while giving the user the product they expect."
Financial Risk Management,"This course combines the knowledge of finance and economics, mathematics, statistics, engineering and computational methods all together. Students will gain an understanding of the theory underlying optimal portfolio construction, the different ways portfolios are actually modelled in reality and how to measure and manage the risk of such portfolios. This course will also introduce students sources of risks in financial environment and ways to measure them such as Value-at-Risk and Expected Shortfall. Assignments as the important evaluations will help students to gain not only technical skills on building and optimizing models in Python but also analytical thinking skills in a financial perspective."
Data Warehousing for Business Intelligence,"This course covers data architecture skills. Students will learn the basics of structured data modeling, gain SQL coding experience, know the basics of data warehouse and data manipulation. Students will have the opportunity to work with large datasets in a data warehouse environment to create dashboards and visual analysis by using MicroStrategyonline analytical processing tool and Visual Insights. A final Capstone Project will be the only evaluation and students will apply all skills learnt in this course to build a small, basic data warehouse, analysing and insights, and create dashboards and other visualizations and communicate the data to a group of audience at the end of the semester."
Analytics in Marketing,"This course will give students ideas that make marketing decisions by combining both marketing principles and data analysis and let them become a data-driven profession that relies on quantitative insights. This course will examine the ways in which marketing has changed and students need to use data answer marketing questions such as the target market segment, the position of product, the most effective way to advertise and the best products to recommend to customers. At the last month of this course, students will be introduced some advanced machine learning and deep learning methods used in recent marketing strategies such as natural language processing and they will practice the skills on a real-world datasets and give out some good marketing strategies based on what they have learned."
Managing Change,"As the environment of many business becomes increasingly complex and unstable, it is imperative that top managers be able to successfully manage the flexibility in their operations and lives. Organizations must be able to undertake major change without destructive side effects to be truly successful. Students will learn how to re-imagine change by redefining the change problem and developing the right mindset to influence how change affects the organizations. This course uses real case studies to help students to learn and understand the real strategies or methods used in companies and other organizations."
Leadership and Management,"This course is designed to let students to get experience in practicing everyday leadership, managing people and organizations effectively through organizational design, and formulate and implement strategy. Students will have opportunity to practice and develop their analytical thinking skills, presentation skills and time, conflict and stress management which are necessary skills in their daily lives or future career. The final project is a strategic leadership and management plan where students are expected to have a real business situation with a partner from companies which will get in their business career earlier before graduating."
Prescriptive analytics and Recomendation System,"This course using data to discover patterns or buying behaviors in purchasings from customers and building recommendation system for them to improve transactions online and help company make decisions to boost sales. Students will firstly learn how to extract useful data to study customers' buying behaviors and interpret data to make better decisions, them they will learn how to use data about actions in the past to make predictions about actions in the future by predictive models. In the final project, students are expected to implement what they have learned in this class to analyse the pattern in customers and build a predictive model and/or recommendation system to help company to boost sales."